{
  "project_info": {
    "project_number": "489622202708",
    "project_id": "homeautomation-929d2",
    "storage_bucket": "homeautomation-929d2.appspot.com"
  },
  "client": [
    {
      "client_info": {
        "mobilesdk_app_id": "1:489622202708:android:e03231b2cbf397b0fcc0c1",
        "android_client_info": {
          "package_name": "com.example.home_automation"
        }
      },
      "oauth_client": [
        {
          "client_id": "489622202708-fhatj1u7d1jifvun6dnpf58ajtstlmeh.apps.googleusercontent.com",
          "client_type": 3
        }
      ],
      "api_key": [
        {
          "current_key": "AIzaSyDpDWHWI0Dgj1FJTaYKrLqZ7Dy3DZmtHvU"
        }
      ],
      "services": {
        "appinvite_service": {
          "other_platform_oauth_client": [
            {
              "client_id": "489622202708-fhatj1u7d1jifvun6dnpf58ajtstlmeh.apps.googleusercontent.com",
              "client_type": 3
            }
          ]
        }
      }
    }
  ],
  "configuration_version": "1"
}